product_id,quantity
P001,25
P002,18
P003,12
P004,35
P005,20
P006,15
P007,30
P008,40
P009,0
P010,45
P011,10
P012,14
P013,8
P014,16
P015,20
P016,50
P017,18
P018,25
P019,30
P020,24
P021,20
P022,15
P023,12
P024,35
P025,18
P026,25
P027,40
P028,30
P029,22
P030,18
P031,15
P032,35
P033,50
P034,45
P035,20
P036,12
P037,10
P038,14
P039,30
P040,18
P041,25
P042,40
P043,20
P044,8
P045,10
P046,12
P047,60
P048,100
P049,45
P050,30
P051,10
P052,25
P053,18
P054,35
P055,20
P056,30
P057,40
P058,35
P059,15
P060,25
P061,16
P062,22
P063,38
P064,19
P065,27
P066,14
P067,42
P068,55
P069,60
P070,33
P071,9
P072,28
P073,11
P074,7
P075,15
P076,80
P077,12
P078,25
P079,40
P080,30
P081,18
P082,35
P083,10
P084,50
P085,8
P086,24
P087,65
P088,30
P089,20
P090,26
P091,14
P092,19
P093,45
P094,30
P095,22
P096,17
P097,13
P098,25
P099,35
P100,18
P101,20
P102,15
P103,28
P104,6
P105,12
P106,24
P107,75
P108,120
P109,40
P110,50
P111,15
P112,22
P113,30
P114,25
P115,10
P116,45
P117,35
P118,28
P119,16
P120,24
P121,5
P122,12
P123,8
P124,14
P125,18
P126,20
P127,55
P128,40
P129,22
P130,30
P131,45
P132,90
P133,25
P134,6
P135,4
P136,35
P137,16
P138,20
P139,40
P140,48
P141,15
P142,32
P143,26
P144,20
P145,18
P146,25
P147,22
P148,19
P149,14
P150,30
P151,12
P152,28
P153,35
P154,18
P155,24
P156,15
P157,20
P158,16
P159,40
P160,8
P161,25
P162,30
P163,10
P164,5
P165,7
P166,11
P167,20
P168,60
P169,45
P170,18
P171,22
P172,25
P173,14
P174,28
P175,32
P176,50
P177,40
P178,35
P179,15
P180,20
P181,9
P182,25
P183,12
P184,30
P185,18
P186,15
P187,70
P188,45
P189,35
P190,24
P191,20
P192,60
P193,14
P194,8
P195,30
P196,80
P197,22
P198,35
P199,25
P200,18
P201,12
P202,40
P203,30
P204,28
P205,22
P206,19
P207,35
P208,24
P209,16
P210,50
P211,20
P212,32
P213,25
P214,18
P215,22
P216,40
P217,30
P218,25
P219,20
P220,7
P221,15
P222,28
P223,18
P224,22
P225,35
P226,14
P227,45
P228,50
P229,30
P230,60
P231,10
P232,25
P233,40
P234,30
P235,55
P236,35
P237,42
P238,30
P239,25
P240,18
P241,12
P242,20
P243,15
P244,45
P245,60
P246,8
P247,50
P248,35
P249,10
P250,14
P251,40
P252,55
P253,20
P254,4
P255,25
P256,30
P257,11
P258,28
P259,9
P260,12
P261,8
P262,15
P263,30
P264,45
P265,6
P266,22
P267,35
P268,20
P269,14
P270,16
P271,18
P272,25
P273,30
P274,15
P275,20
P276,28
P277,35
P278,9
P279,25
P280,12
P281,14
P282,40
P283,10
P284,6
P285,12
P286,22
P287,30
P288,25
P289,40
P290,60
P291,20
P292,35
P293,50
P294,15
P295,25
P296,30
P297,38
P298,28
P299,18
P300,45
P301,16
P302,20
P303,10
P304,50
P305,35
P306,25
P307,60
P308,40
P309,45
P310,22
P311,30
P312,70
P313,55
P314,8
P315,14
P316,40
P317,12
P318,15
P319,18
P320,25
P321,20
P322,30
P323,16
P324,35
P325,12
P326,45
P327,28
P328,22
P329,40
P330,50
P331,10
P332,35
P333,40
P334,25
P335,30
P336,20
P337,35
P338,22
P339,18
P340,15
P341,40
P342,25
P343,18
P344,20
P345,30
P346,14
P347,35
P348,12
P349,45
P350,55
P351,30
P352,25
P353,18
P354,40
P355,60
P356,35
P357,30
P358,25
P359,16
P360,20
P361,12
P362,15
P363,28
P364,30
P365,22
P366,45
P367,50
P368,60
P369,35
P370,25
P371,30
P372,55
P373,20
P374,80
P375,18
P376,12
P377,22
P378,25
P379,10
P380,15
P381,14
P382,30
P383,45
P384,35
P385,40
P386,30
P387,40
P388,25
P389,20
P390,50
P391,15
P392,28
P393,22
P394,35
P395,30
P396,25
P397,45
P398,40
P399,20
P400,12
P401,25
P402,18
P403,22
P404,15
P405,28
P406,20
P407,35
P408,10
P409,60
P410,25
P411,40
P412,30
P413,22
P414,18
P415,35
P416,50
P417,45
P418,30
P419,20
P420,60
P421,12
P422,10
P423,15
P424,40
P425,25
P426,30
P427,55
P428,45
P429,18
P430,35
P431,50
P432,60
P433,40
P434,6
P435,20
P436,45
P437,12
P438,25
P439,35
P440,20
P441,15
P442,18
P443,30
P444,40
P445,14
P446,22
P447,28
P448,20
P449,16
P450,25
P451,12
P452,20
P453,40
P454,35
P455,50
P456,30
P457,25
P458,45
P459,30
P460,18
P461,25
P462,15
P463,20
P464,10
P465,35
P466,20
P467,30
P468,60
P469,70
P470,25
P471,45
P472,20
P473,15
P474,40
P475,50
P476,30
P477,35
P478,28
P479,20
P480,60
P481,14
P482,25
P483,12
P484,40
P485,75
P486,18
P487,60
P488,45
P489,30
P490,40
P491,35
P492,50
P493,30
P494,22
P495,25
P496,55
P497,30
P498,20
P499,35
P500,40