order_id,product_id,order_date,delivery_date,refundable,refunded
O001,P001,2026-09-01,2026-09-05,Yes,No
O002,P002,2026-09-01,2026-09-06,Yes,No
O003,P003,2026-09-02,2026-09-07,Yes,Yes
O004,P004,2026-09-02,2026-09-06,Yes,No
O005,P005,2026-09-03,2026-09-08,Yes,No
O006,P006,2026-09-03,2026-09-09,Yes,Yes
O007,P007,2026-09-04,2026-09-10,Yes,No
O008,P008,2026-09-04,2026-09-09,Yes,No
O009,P009,2026-09-05,2026-09-11,Yes,No
O010,P010,2026-09-05,2026-09-10,No,No
O011,P011,2026-09-06,2026-09-12,Yes,No
O012,P012,2026-09-06,2026-09-11,Yes,Yes
O013,P013,2026-09-07,2026-09-13,Yes,No
O014,P014,2026-09-07,2026-09-12,Yes,No
O015,P015,2026-09-08,2026-09-14,Yes,No
O016,P016,2026-09-08,2026-09-13,No,No
O017,P017,2026-09-09,2026-09-15,Yes,No
O018,P018,2026-09-09,2026-09-14,Yes,Yes
O019,P019,2026-09-09,2026-09-15,Yes,No
O020,P020,2026-09-10,2026-09-16,Yes,No
O021,P021,2026-09-10,2026-09-15,Yes,No
O022,P022,2026-09-10,2026-09-16,Yes,Yes
O023,P023,2026-09-10,2026-09-17,Yes,No
O024,P024,2026-09-10,2026-09-16,No,No
O025,P025,2026-09-10,2026-09-17,Yes,No
O026,P026,2026-09-10,2026-09-18,Yes,No
O027,P027,2026-09-10,2026-09-17,Yes,Yes
O028,P028,2026-09-10,2026-09-18,Yes,No
O029,P029,2026-09-10,2026-09-19,Yes,No
O030,P030,2026-09-10,2026-09-18,No,No
O031,P031,2026-09-11,2026-09-16,Yes,No
O032,P032,2026-09-11,2026-09-15,Yes,No
O033,P033,2026-09-11,2026-09-17,Yes,Yes
O034,P034,2026-09-11,2026-09-16,Yes,No
O035,P035,2026-09-12,2026-09-17,Yes,No
O036,P036,2026-09-12,2026-09-18,No,No
O037,P037,2026-09-12,2026-09-16,Yes,No
O038,P038,2026-09-12,2026-09-17,Yes,Yes
O039,P039,2026-09-13,2026-09-18,Yes,No
O040,P040,2026-09-13,2026-09-19,Yes,No
O041,P041,2026-09-13,2026-09-17,Yes,No
O042,P042,2026-09-13,2026-09-18,No,No
O043,P043,2026-09-14,2026-09-19,Yes,Yes
O044,P044,2026-09-14,2026-09-20,Yes,No
O045,P045,2026-09-14,2026-09-18,Yes,No
O046,P046,2026-09-14,2026-09-19,Yes,No
O047,P047,2026-09-15,2026-09-20,Yes,No
O048,P048,2026-09-15,2026-09-21,No,No
O049,P049,2026-09-15,2026-09-19,Yes,Yes
O050,P050,2026-09-15,2026-09-20,Yes,No
O051,P051,2026-09-16,2026-09-21,Yes,No
O052,P052,2026-09-16,2026-09-22,Yes,No
O053,P053,2026-09-16,2026-09-20,Yes,No
O054,P054,2026-09-16,2026-09-21,No,No
O055,P055,2026-09-17,2026-09-22,Yes,Yes
O056,P056,2026-09-17,2026-09-23,Yes,No
O057,P057,2026-09-17,2026-09-21,Yes,No
O058,P058,2026-09-17,2026-09-22,Yes,No
O059,P059,2026-09-18,2026-09-23,Yes,No
O060,P060,2026-09-18,2026-09-24,No,No
O061,P061,2026-09-18,2026-09-22,Yes,Yes
O062,P062,2026-09-18,2026-09-23,Yes,No
O063,P063,2026-09-19,2026-09-24,Yes,No
O064,P064,2026-09-19,2026-09-25,Yes,No
O065,P065,2026-09-19,2026-09-23,Yes,No
O066,P066,2026-09-19,2026-09-24,No,No
O067,P067,2026-09-20,2026-09-25,Yes,Yes
O068,P068,2026-09-20,2026-09-26,Yes,No
O069,P069,2026-09-20,2026-09-24,Yes,No
O070,P070,2026-09-20,2026-09-25,Yes,No
O071,P071,2026-09-21,2026-09-26,Yes,No
O072,P072,2026-09-21,2026-09-27,No,No
O073,P073,2026-09-21,2026-09-25,Yes,Yes
O074,P074,2026-09-21,2026-09-26,Yes,No
O075,P075,2026-09-22,2026-09-27,Yes,No
O076,P076,2026-09-22,2026-09-28,Yes,No
O077,P077,2026-09-22,2026-09-26,Yes,No
O078,P078,2026-09-22,2026-09-27,No,No
O079,P079,2026-09-01,2026-09-05,Yes,Yes
O080,P080,2026-09-01,2026-09-06,Yes,No
O081,P081,2026-09-01,2026-09-07,Yes,No
O082,P082,2026-09-02,2026-09-06,Yes,No
O083,P083,2026-09-02,2026-09-07,Yes,No
O084,P084,2026-09-02,2026-09-08,No,No
O085,P085,2026-09-03,2026-09-08,Yes,Yes
O086,P086,2026-09-03,2026-09-09,Yes,No
O087,P087,2026-09-03,2026-09-07,Yes,No
O088,P088,2026-09-04,2026-09-09,Yes,No
O089,P089,2026-09-04,2026-09-10,Yes,No
O090,P090,2026-09-04,2026-09-08,No,No
O091,P091,2026-09-05,2026-09-10,Yes,Yes
O092,P092,2026-09-05,2026-09-11,Yes,No
O093,P093,2026-09-05,2026-09-09,Yes,No
O094,P094,2026-09-06,2026-09-11,Yes,No
O095,P095,2026-09-06,2026-09-12,Yes,No
O096,P096,2026-09-06,2026-09-10,No,No
O097,P097,2026-09-07,2026-09-12,Yes,Yes
O098,P098,2026-09-07,2026-09-13,Yes,No
O099,P099,2026-09-07,2026-09-11,Yes,No
O100,P100,2026-09-08,2026-09-13,Yes,No
O101,P101,2026-09-08,2026-09-14,Yes,No
O102,P102,2026-09-08,2026-09-12,No,No
O103,P103,2026-09-09,2026-09-14,Yes,Yes
O104,P104,2026-09-09,2026-09-15,Yes,No
O105,P105,2026-09-09,2026-09-13,Yes,No
O106,P106,2026-09-10,2026-09-15,Yes,No
O107,P107,2026-09-10,2026-09-16,Yes,No
O108,P108,2026-09-10,2026-09-14,No,No
O109,P109,2026-09-11,2026-09-16,Yes,Yes
O110,P110,2026-09-11,2026-09-17,Yes,No
O111,P111,2026-09-11,2026-09-15,Yes,No
O112,P112,2026-09-12,2026-09-17,Yes,No
O113,P113,2026-09-12,2026-09-18,Yes,No
O114,P114,2026-09-12,2026-09-16,No,No
O115,P115,2026-09-13,2026-09-18,Yes,Yes
O116,P116,2026-09-13,2026-09-19,Yes,No
O117,P117,2026-09-13,2026-09-17,Yes,No
O118,P118,2026-09-14,2026-09-19,Yes,No
O119,P119,2026-09-14,2026-09-20,Yes,No
O120,P120,2026-09-14,2026-09-18,No,No
O121,P121,2026-09-15,2026-09-20,Yes,Yes
O122,P122,2026-09-15,2026-09-21,Yes,No
O123,P123,2026-09-15,2026-09-19,Yes,No
O124,P124,2026-09-16,2026-09-21,Yes,No
O125,P125,2026-09-16,2026-09-22,Yes,No
O126,P126,2026-09-16,2026-09-20,No,No
O127,P127,2026-09-17,2026-09-22,Yes,Yes
O128,P128,2026-09-17,2026-09-23,Yes,No
O129,P129,2026-09-17,2026-09-21,Yes,No
O130,P130,2026-09-18,2026-09-23,Yes,No
O131,P131,2026-09-18,2026-09-24,Yes,No
O132,P132,2026-09-18,2026-09-22,No,No
O133,P133,2026-09-19,2026-09-24,Yes,Yes
O134,P134,2026-09-19,2026-09-25,Yes,No
O135,P135,2026-09-19,2026-09-23,Yes,No
O136,P136,2026-09-20,2026-09-25,Yes,No
O137,P137,2026-09-20,2026-09-26,Yes,No
O138,P138,2026-09-20,2026-09-24,No,No
O139,P139,2026-09-21,2026-09-26,Yes,Yes
O140,P140,2026-09-21,2026-09-27,Yes,No
O141,P141,2026-09-21,2026-09-25,Yes,No
O142,P142,2026-09-22,2026-09-27,Yes,No
O143,P143,2026-09-22,2026-09-28,Yes,No
O144,P144,2026-09-22,2026-09-26,No,No
O145,P145,2026-09-01,2026-09-05,Yes,Yes
O146,P146,2026-09-01,2026-09-06,Yes,No
O147,P147,2026-09-01,2026-09-07,Yes,No
O148,P148,2026-09-02,2026-09-06,Yes,No
O149,P149,2026-09-02,2026-09-07,Yes,No
O150,P150,2026-09-02,2026-09-08,No,No
O151,P151,2026-09-03,2026-09-08,Yes,Yes
O152,P152,2026-09-03,2026-09-09,Yes,No
O153,P153,2026-09-03,2026-09-07,Yes,No
O154,P154,2026-09-04,2026-09-09,Yes,No
O155,P155,2026-09-04,2026-09-10,Yes,No
O156,P156,2026-09-04,2026-09-08,No,No
O157,P157,2026-09-05,2026-09-10,Yes,Yes
O158,P158,2026-09-05,2026-09-11,Yes,No
O159,P159,2026-09-05,2026-09-09,Yes,No
O160,P160,2026-09-06,2026-09-11,Yes,No
O161,P161,2026-09-06,2026-09-12,Yes,No
O162,P162,2026-09-06,2026-09-10,No,No
O163,P163,2026-09-07,2026-09-12,Yes,Yes
O164,P164,2026-09-07,2026-09-13,Yes,No
O165,P165,2026-09-07,2026-09-11,Yes,No
O166,P166,2026-09-08,2026-09-13,Yes,No
O167,P167,2026-09-08,2026-09-14,Yes,No
O168,P168,2026-09-08,2026-09-12,No,No
O169,P169,2026-09-09,2026-09-14,Yes,Yes
O170,P170,2026-09-09,2026-09-15,Yes,No
O171,P171,2026-09-09,2026-09-13,Yes,No
O172,P172,2026-09-10,2026-09-15,Yes,No
O173,P173,2026-09-10,2026-09-16,Yes,No
O174,P174,2026-09-10,2026-09-14,No,No
O175,P175,2026-09-11,2026-09-16,Yes,Yes
O176,P176,2026-09-11,2026-09-17,Yes,No
O177,P177,2026-09-11,2026-09-15,Yes,No
O178,P178,2026-09-12,2026-09-17,Yes,No
O179,P179,2026-09-12,2026-09-18,Yes,No
O180,P180,2026-09-12,2026-09-16,No,No
O181,P181,2026-09-13,2026-09-18,Yes,Yes
O182,P182,2026-09-13,2026-09-19,Yes,No
O183,P183,2026-09-13,2026-09-17,Yes,No
O184,P184,2026-09-14,2026-09-19,Yes,No
O185,P185,2026-09-14,2026-09-20,Yes,No
O186,P186,2026-09-14,2026-09-18,No,No
O187,P187,2026-09-15,2026-09-20,Yes,Yes
O188,P188,2026-09-15,2026-09-21,Yes,No
O189,P189,2026-09-15,2026-09-19,Yes,No
O190,P190,2026-09-16,2026-09-21,Yes,No
O191,P191,2026-09-16,2026-09-22,Yes,No
O192,P192,2026-09-16,2026-09-20,No,No
O193,P193,2026-09-17,2026-09-22,Yes,Yes
O194,P194,2026-09-17,2026-09-23,Yes,No
O195,P195,2026-09-17,2026-09-21,Yes,No
O196,P196,2026-09-18,2026-09-23,Yes,No
O197,P197,2026-09-18,2026-09-24,Yes,No
O198,P198,2026-09-18,2026-09-22,No,No
O199,P199,2026-09-19,2026-09-24,Yes,Yes
O200,P200,2026-09-19,2026-09-25,Yes,No
O201,P201,2026-09-19,2026-09-23,Yes,No
O202,P202,2026-09-20,2026-09-25,Yes,No
O203,P203,2026-09-20,2026-09-26,Yes,No
O204,P204,2026-09-20,2026-09-24,No,No
O205,P205,2026-09-21,2026-09-26,Yes,Yes
O206,P206,2026-09-21,2026-09-27,Yes,No
O207,P207,2026-09-21,2026-09-25,Yes,No
O208,P208,2026-09-22,2026-09-27,Yes,No
O209,P209,2026-09-22,2026-09-28,Yes,No
O210,P210,2026-09-22,2026-09-26,No,No
O211,P211,2026-09-01,2026-09-05,Yes,Yes
O212,P212,2026-09-01,2026-09-06,Yes,No
O213,P213,2026-09-01,2026-09-07,Yes,No
O214,P214,2026-09-02,2026-09-06,Yes,No
O215,P215,2026-09-02,2026-09-07,Yes,No
O216,P216,2026-09-02,2026-09-08,No,No
O217,P217,2026-09-03,2026-09-08,Yes,Yes
O218,P218,2026-09-03,2026-09-09,Yes,No
O219,P219,2026-09-03,2026-09-07,Yes,No
O220,P220,2026-09-04,2026-09-09,Yes,No
O221,P221,2026-09-04,2026-09-10,Yes,No
O222,P222,2026-09-04,2026-09-08,No,No
O223,P223,2026-09-05,2026-09-10,Yes,Yes
O224,P224,2026-09-05,2026-09-11,Yes,No
O225,P225,2026-09-05,2026-09-09,Yes,No
O226,P226,2026-09-06,2026-09-11,Yes,No
O227,P227,2026-09-06,2026-09-12,Yes,No
O228,P228,2026-09-06,2026-09-10,No,No
O229,P229,2026-09-07,2026-09-12,Yes,Yes
O230,P230,2026-09-07,2026-09-13,Yes,No
O231,P231,2026-09-07,2026-09-11,Yes,No
O232,P232,2026-09-08,2026-09-13,Yes,No
O233,P233,2026-09-08,2026-09-14,Yes,No
O234,P234,2026-09-08,2026-09-12,No,No
O235,P235,2026-09-09,2026-09-14,Yes,Yes
O236,P236,2026-09-09,2026-09-15,Yes,No
O237,P237,2026-09-09,2026-09-13,Yes,No
O238,P238,2026-09-10,2026-09-15,Yes,No
O239,P239,2026-09-10,2026-09-16,Yes,No
O240,P240,2026-09-10,2026-09-14,No,No
O241,P241,2026-09-11,2026-09-16,Yes,Yes
O242,P242,2026-09-11,2026-09-17,Yes,No
O243,P243,2026-09-11,2026-09-15,Yes,No
O244,P244,2026-09-12,2026-09-17,Yes,No
O245,P245,2026-09-12,2026-09-18,Yes,No
O246,P246,2026-09-12,2026-09-16,No,No
O247,P247,2026-09-13,2026-09-18,Yes,Yes
O248,P248,2026-09-13,2026-09-19,Yes,No
O249,P249,2026-09-13,2026-09-17,Yes,No
O250,P250,2026-09-14,2026-09-19,Yes,No
O251,P251,2026-09-14,2026-09-20,Yes,No
O252,P252,2026-09-14,2026-09-18,No,No
O253,P253,2026-09-15,2026-09-20,Yes,Yes
O254,P254,2026-09-15,2026-09-21,Yes,No
O255,P255,2026-09-15,2026-09-19,Yes,No
O256,P256,2026-09-16,2026-09-21,Yes,No
O257,P257,2026-09-16,2026-09-22,Yes,No
O258,P258,2026-09-16,2026-09-20,No,No
O259,P259,2026-09-17,2026-09-22,Yes,Yes
O260,P260,2026-09-17,2026-09-23,Yes,No
O261,P261,2026-09-17,2026-09-21,Yes,No
O262,P262,2026-09-18,2026-09-23,Yes,No
O263,P263,2026-09-18,2026-09-24,Yes,No
O264,P264,2026-09-18,2026-09-22,No,No
O265,P265,2026-09-19,2026-09-24,Yes,Yes
O266,P266,2026-09-19,2026-09-25,Yes,No
O267,P267,2026-09-19,2026-09-23,Yes,No
O268,P268,2026-09-20,2026-09-25,Yes,No
O269,P269,2026-09-20,2026-09-26,Yes,No
O270,P270,2026-09-20,2026-09-24,No,No
O271,P271,2026-09-21,2026-09-26,Yes,Yes
O272,P272,2026-09-21,2026-09-27,Yes,No
O273,P273,2026-09-21,2026-09-25,Yes,No
O274,P274,2026-09-22,2026-09-27,Yes,No
O275,P275,2026-09-22,2026-09-28,Yes,No
O276,P276,2026-09-22,2026-09-26,No,No
O277,P277,2026-09-01,2026-09-05,Yes,Yes
O278,P278,2026-09-01,2026-09-06,Yes,No
O279,P279,2026-09-01,2026-09-07,Yes,No
O280,P280,2026-09-02,2026-09-06,Yes,No
O281,P281,2026-09-02,2026-09-07,Yes,No
O282,P282,2026-09-02,2026-09-08,No,No
O283,P283,2026-09-03,2026-09-08,Yes,Yes
O284,P284,2026-09-03,2026-09-09,Yes,No
O285,P285,2026-09-03,2026-09-07,Yes,No
O286,P286,2026-09-04,2026-09-09,Yes,No
O287,P287,2026-09-04,2026-09-10,Yes,No
O288,P288,2026-09-04,2026-09-08,No,No
O289,P289,2026-09-05,2026-09-10,Yes,Yes
O290,P290,2026-09-05,2026-09-11,Yes,No
O291,P291,2026-09-05,2026-09-09,Yes,No
O292,P292,2026-09-06,2026-09-11,Yes,No
O293,P293,2026-09-06,2026-09-12,Yes,No
O294,P294,2026-09-06,2026-09-10,No,No
O295,P295,2026-09-07,2026-09-12,Yes,Yes
O296,P296,2026-09-07,2026-09-13,Yes,No
O297,P297,2026-09-07,2026-09-11,Yes,No
O298,P298,2026-09-08,2026-09-13,Yes,No
O299,P299,2026-09-08,2026-09-14,Yes,No
O300,P300,2026-09-08,2026-09-12,No,No
O301,P301,2026-09-09,2026-09-14,Yes,Yes
O302,P302,2026-09-09,2026-09-15,Yes,No
O303,P303,2026-09-09,2026-09-13,Yes,No
O304,P304,2026-09-10,2026-09-15,Yes,No
O305,P305,2026-09-10,2026-09-16,Yes,No
O306,P306,2026-09-10,2026-09-14,No,No
O307,P307,2026-09-11,2026-09-16,Yes,Yes
O308,P308,2026-09-11,2026-09-17,Yes,No
O309,P309,2026-09-11,2026-09-15,Yes,No
O310,P310,2026-09-12,2026-09-17,Yes,No
O311,P311,2026-09-12,2026-09-18,Yes,No
O312,P312,2026-09-12,2026-09-16,No,No
O313,P313,2026-09-13,2026-09-18,Yes,Yes
O314,P314,2026-09-13,2026-09-19,Yes,No
O315,P315,2026-09-13,2026-09-17,Yes,No
O316,P316,2026-09-14,2026-09-19,Yes,No
O317,P317,2026-09-14,2026-09-20,Yes,No
O318,P318,2026-09-14,2026-09-18,No,No
O319,P319,2026-09-15,2026-09-20,Yes,Yes
O320,P320,2026-09-15,2026-09-21,Yes,No
O321,P321,2026-09-15,2026-09-19,Yes,No
O322,P322,2026-09-16,2026-09-21,Yes,No
O323,P323,2026-09-16,2026-09-22,Yes,No
O324,P324,2026-09-16,2026-09-20,No,No
O325,P325,2026-09-17,2026-09-22,Yes,Yes
O326,P326,2026-09-17,2026-09-23,Yes,No
O327,P327,2026-09-17,2026-09-21,Yes,No
O328,P328,2026-09-18,2026-09-23,Yes,No
O329,P329,2026-09-18,2026-09-24,Yes,No
O330,P330,2026-09-18,2026-09-22,No,No
O331,P331,2026-09-19,2026-09-24,Yes,Yes
O332,P332,2026-09-19,2026-09-25,Yes,No
O333,P333,2026-09-19,2026-09-23,Yes,No
O334,P334,2026-09-20,2026-09-25,Yes,No
O335,P335,2026-09-20,2026-09-26,Yes,No
O336,P336,2026-09-20,2026-09-24,No,No
O337,P337,2026-09-21,2026-09-26,Yes,Yes
O338,P338,2026-09-21,2026-09-27,Yes,No
O339,P339,2026-09-21,2026-09-25,Yes,No
O340,P340,2026-09-22,2026-09-27,Yes,No
O341,P341,2026-09-22,2026-09-28,Yes,No
O342,P342,2026-09-22,2026-09-26,No,No
O343,P343,2026-09-01,2026-09-05,Yes,Yes
O344,P344,2026-09-01,2026-09-06,Yes,No
O345,P345,2026-09-01,2026-09-07,Yes,No
O346,P346,2026-09-02,2026-09-06,Yes,No
O347,P347,2026-09-02,2026-09-07,Yes,No
O348,P348,2026-09-02,2026-09-08,No,No
O349,P349,2026-09-03,2026-09-08,Yes,Yes
O350,P350,2026-09-03,2026-09-09,Yes,No
O351,P351,2026-09-03,2026-09-07,Yes,No
O352,P352,2026-09-04,2026-09-09,Yes,No
O353,P353,2026-09-04,2026-09-10,Yes,No
O354,P354,2026-09-04,2026-09-08,No,No
O355,P355,2026-09-05,2026-09-10,Yes,Yes
O356,P356,2026-09-05,2026-09-11,Yes,No
O357,P357,2026-09-05,2026-09-09,Yes,No
O358,P358,2026-09-06,2026-09-11,Yes,No
O359,P359,2026-09-06,2026-09-12,Yes,No
O360,P360,2026-09-06,2026-09-10,No,No
O361,P361,2026-09-07,2026-09-12,Yes,Yes
O362,P362,2026-09-07,2026-09-13,Yes,No
O363,P363,2026-09-07,2026-09-11,Yes,No
O364,P364,2026-09-08,2026-09-13,Yes,No
O365,P365,2026-09-08,2026-09-14,Yes,No
O366,P366,2026-09-08,2026-09-12,No,No
O367,P367,2026-09-09,2026-09-14,Yes,Yes
O368,P368,2026-09-09,2026-09-15,Yes,No
O369,P369,2026-09-09,2026-09-13,Yes,No
O370,P370,2026-09-10,2026-09-15,Yes,No
O371,P371,2026-09-10,2026-09-16,Yes,No
O372,P372,2026-09-10,2026-09-14,No,No
O373,P373,2026-09-11,2026-09-16,Yes,Yes
O374,P374,2026-09-11,2026-09-17,Yes,No
O375,P375,2026-09-11,2026-09-15,Yes,No
O376,P376,2026-09-12,2026-09-17,Yes,No
O377,P377,2026-09-12,2026-09-18,Yes,No
O378,P378,2026-09-12,2026-09-16,No,No
O379,P379,2026-09-13,2026-09-18,Yes,Yes
O380,P380,2026-09-13,2026-09-19,Yes,No
O381,P381,2026-09-13,2026-09-17,Yes,No
O382,P382,2026-09-14,2026-09-19,Yes,No
O383,P383,2026-09-14,2026-09-20,Yes,No
O384,P384,2026-09-14,2026-09-18,No,No
O385,P385,2026-09-15,2026-09-20,Yes,Yes
O386,P386,2026-09-15,2026-09-21,Yes,No
O387,P387,2026-09-15,2026-09-19,Yes,No
O388,P388,2026-09-16,2026-09-21,Yes,No
O389,P389,2026-09-16,2026-09-22,Yes,No
O390,P390,2026-09-16,2026-09-20,No,No
O391,P391,2026-09-17,2026-09-22,Yes,Yes
O392,P392,2026-09-17,2026-09-23,Yes,No
O393,P393,2026-09-17,2026-09-21,Yes,No
O394,P394,2026-09-18,2026-09-23,Yes,No
O395,P395,2026-09-18,2026-09-24,Yes,No
O396,P396,2026-09-18,2026-09-22,No,No
O397,P397,2026-09-19,2026-09-24,Yes,Yes
O398,P398,2026-09-19,2026-09-25,Yes,No
O399,P399,2026-09-19,2026-09-23,Yes,No
O400,P400,2026-09-20,2026-09-25,Yes,No
O401,P401,2026-09-20,2026-09-26,Yes,No
O402,P402,2026-09-20,2026-09-24,No,No
O403,P403,2026-09-21,2026-09-26,Yes,Yes
O404,P404,2026-09-21,2026-09-27,Yes,No
O405,P405,2026-09-21,2026-09-25,Yes,No
O406,P406,2026-09-22,2026-09-27,Yes,No
O407,P407,2026-09-22,2026-09-28,Yes,No
O408,P408,2026-09-22,2026-09-26,No,No
O409,P409,2026-09-01,2026-09-05,Yes,Yes
O410,P410,2026-09-01,2026-09-06,Yes,No
O411,P411,2026-09-01,2026-09-07,Yes,No
O412,P412,2026-09-02,2026-09-06,Yes,No
O413,P413,2026-09-02,2026-09-07,Yes,No
O414,P414,2026-09-02,2026-09-08,No,No
O415,P415,2026-09-03,2026-09-08,Yes,Yes
O416,P416,2026-09-03,2026-09-09,Yes,No
O417,P417,2026-09-03,2026-09-07,Yes,No
O418,P418,2026-09-04,2026-09-09,Yes,No
O419,P419,2026-09-04,2026-09-10,Yes,No
O420,P420,2026-09-04,2026-09-08,No,No
O421,P421,2026-09-05,2026-09-10,Yes,Yes
O422,P422,2026-09-05,2026-09-11,Yes,No
O423,P423,2026-09-05,2026-09-09,Yes,No
O424,P424,2026-09-06,2026-09-11,Yes,No
O425,P425,2026-09-06,2026-09-12,Yes,No
O426,P426,2026-09-06,2026-09-10,No,No
O427,P427,2026-09-07,2026-09-12,Yes,Yes
O428,P428,2026-09-07,2026-09-13,Yes,No
O429,P429,2026-09-07,2026-09-11,Yes,No
O430,P430,2026-09-08,2026-09-13,Yes,No
O431,P431,2026-09-08,2026-09-14,Yes,No
O432,P432,2026-09-08,2026-09-12,No,No
O433,P433,2026-09-09,2026-09-14,Yes,Yes
O434,P434,2026-09-09,2026-09-15,Yes,No
O435,P435,2026-09-09,2026-09-13,Yes,No
O436,P436,2026-09-10,2026-09-15,Yes,No
O437,P437,2026-09-10,2026-09-16,Yes,No
O438,P438,2026-09-10,2026-09-14,No,No
O439,P439,2026-09-11,2026-09-16,Yes,Yes
O440,P440,2026-09-11,2026-09-17,Yes,No
O441,P441,2026-09-11,2026-09-15,Yes,No
O442,P442,2026-09-12,2026-09-17,Yes,No
O443,P443,2026-09-12,2026-09-18,Yes,No
O444,P444,2026-09-12,2026-09-16,No,No
O445,P445,2026-09-13,2026-09-18,Yes,Yes
O446,P446,2026-09-13,2026-09-19,Yes,No
O447,P447,2026-09-13,2026-09-17,Yes,No
O448,P448,2026-09-14,2026-09-19,Yes,No
O449,P449,2026-09-14,2026-09-20,Yes,No
O450,P450,2026-09-14,2026-09-18,No,No
O451,P451,2026-09-15,2026-09-20,Yes,Yes
O452,P452,2026-09-15,2026-09-21,Yes,No
O453,P453,2026-09-15,2026-09-19,Yes,No
O454,P454,2026-09-16,2026-09-21,Yes,No
O455,P455,2026-09-16,2026-09-22,Yes,No
O456,P456,2026-09-16,2026-09-20,No,No
O457,P457,2026-09-17,2026-09-22,Yes,Yes
O458,P458,2026-09-17,2026-09-23,Yes,No
O459,P459,2026-09-17,2026-09-21,Yes,No
O460,P460,2026-09-18,2026-09-23,Yes,No
O461,P461,2026-09-18,2026-09-24,Yes,No
O462,P462,2026-09-18,2026-09-22,No,No
O463,P463,2026-09-19,2026-09-24,Yes,Yes
O464,P464,2026-09-19,2026-09-25,Yes,No
O465,P465,2026-09-19,2026-09-23,Yes,No
O466,P466,2026-09-20,2026-09-25,Yes,No
O467,P467,2026-09-20,2026-09-26,Yes,No
O468,P468,2026-09-20,2026-09-24,No,No
O469,P469,2026-09-21,2026-09-26,Yes,Yes
O470,P470,2026-09-21,2026-09-27,Yes,No
O471,P471,2026-09-21,2026-09-25,Yes,No
O472,P472,2026-09-22,2026-09-27,Yes,No
O473,P473,2026-09-22,2026-09-28,Yes,No
O474,P474,2026-09-22,2026-09-26,No,No
O475,P475,2026-09-01,2026-09-05,Yes,Yes
O476,P476,2026-09-01,2026-09-06,Yes,No
O477,P477,2026-09-01,2026-09-07,Yes,No
O478,P478,2026-09-02,2026-09-06,Yes,No
O479,P479,2026-09-02,2026-09-07,Yes,No
O480,P480,2026-09-02,2026-09-08,No,No
O481,P481,2026-09-03,2026-09-08,Yes,Yes
O482,P482,2026-09-03,2026-09-09,Yes,No
O483,P483,2026-09-03,2026-09-07,Yes,No
O484,P484,2026-09-04,2026-09-09,Yes,No
O485,P485,2026-09-04,2026-09-10,Yes,No
O486,P486,2026-09-04,2026-09-08,No,No
O487,P487,2026-09-05,2026-09-10,Yes,Yes
O488,P488,2026-09-05,2026-09-11,Yes,No
O489,P489,2026-09-05,2026-09-09,Yes,No
O490,P490,2026-09-06,2026-09-11,Yes,No
O491,P491,2026-09-06,2026-09-12,Yes,No
O492,P492,2026-09-06,2026-09-10,No,No
O493,P493,2026-09-07,2026-09-12,Yes,Yes
O494,P494,2026-09-07,2026-09-13,Yes,No
O495,P495,2026-09-07,2026-09-11,Yes,No
O496,P496,2026-09-08,2026-09-13,Yes,No
O497,P497,2026-09-08,2026-09-14,Yes,No
O498,P498,2026-09-08,2026-09-12,No,No
O499,P499,2026-09-09,2026-09-14,Yes,Yes
O500,P500,2026-09-09,2026-09-15,Yes,No