product_id,product_name,category,price,description
P001,Wireless Headphones,Electronics,1999,Over-ear wireless headphones with Bluetooth connectivity
P002,Bluetooth Speaker,Electronics,1499,Portable Bluetooth speaker with clear sound
P003,Smart Watch,Electronics,2999,Smart watch with fitness tracking and notifications
P004,Wireless Mouse,Accessories,799,Ergonomic wireless mouse with USB receiver
P005,Mechanical Keyboard,Accessories,2499,Mechanical keyboard with RGB backlighting
P006,Webcam,Electronics,1299,Full HD webcam suitable for video calls
P007,Power Bank,Electronics,999,10000mAh portable power bank
P008,USB-C Charger,Accessories,699,Fast USB-C charger for compatible devices
P009,Laptop Stand,Accessories,899,Adjustable laptop stand for comfortable working
P010,Gaming Mouse Pad,Accessories,499,Large mouse pad with smooth tracking surface
P011,Smartphone,Mobiles,18999,Android smartphone with modern features
P012,Tablet,Mobiles,15999,Portable tablet suitable for study and entertainment
P013,Laptop,Computers,54999,Laptop suitable for education and professional work
P014,Monitor,Computers,12999,Full HD monitor for work and entertainment
P015,External SSD,Storage,4999,Portable high-speed external SSD
P016,USB Flash Drive,Storage,699,64GB USB flash drive
P017,Wi-Fi Router,Networking,1999,Dual-band Wi-Fi router for home use
P018,Bluetooth Earbuds,Electronics,1299,True wireless earbuds with charging case
P019,Smart LED Bulb,Home,599,Wi-Fi enabled smart LED bulb
P020,Smart Plug,Home,799,Smart plug with mobile app control
P021,Backpack,Bags,1199,Everyday backpack with multiple compartments
P022,Laptop Backpack,Bags,1599,Laptop backpack with padded laptop compartment
P023,Travel Bag,Bags,1799,Spacious travel bag for short trips
P024,Wallet,Fashion,499,Compact wallet with multiple card slots
P025,Analog Watch,Fashion,1999,Classic analog wrist watch
P026,Sunglasses,Fashion,999,Stylish UV-protection sunglasses
P027,T-Shirt,Clothing,599,Casual cotton T-shirt
P028,Jeans,Clothing,1499,Comfortable regular-fit jeans
P029,Hoodie,Clothing,1299,Warm casual hoodie
P030,Sports Shoes,Footwear,2499,Comfortable shoes for sports and daily use
P031,Running Shoes,Footwear,2999,Lightweight running shoes
P032,Sandals,Footwear,799,Comfortable everyday sandals
P033,Water Bottle,Home & Kitchen,499,Reusable stainless steel water bottle
P034,Coffee Mug,Home & Kitchen,299,Ceramic coffee mug
P035,Electric Kettle,Home & Kitchen,1299,Electric kettle with automatic shut-off
P036,Mixer Grinder,Home & Kitchen,2499,Multi-purpose mixer grinder
P037,Air Fryer,Home & Kitchen,3999,Digital air fryer for low-oil cooking
P038,Rice Cooker,Home & Kitchen,1999,Electric rice cooker for easy cooking
P039,Desk Lamp,Home,699,LED desk lamp with adjustable neck
P040,Table Fan,Home Appliances,1499,Compact table fan with multiple speed settings
P041,Bedsheet,Home,899,Cotton bedsheet for double bed
P042,Pillow,Home,499,Soft comfortable sleeping pillow
P043,Blanket,Home,1299,Warm blanket for comfortable sleep
P044,Office Chair,Furniture,6999,Ergonomic office chair with adjustable height
P045,Study Table,Furniture,3999,Compact study table for students
P046,Bookshelf,Furniture,2999,Wooden bookshelf with multiple shelves
P047,Notebook,Stationery,199, ruled notebook for writing and notes
P048,Ball Pen Set,Stationery,149,Set of smooth writing ball pens
P049,Backpack Pencil Case,Stationery,299,Compact pencil case for stationery
P050,Calculator,Stationery,499,Scientific calculator for students
P051,Cricket Bat,Sports,1999,Lightweight cricket bat
P052,Football,Sports,899,Durable football for outdoor play
P053,Badminton Racket,Sports,1299,Lightweight badminton racket
P054,Yoga Mat,Fitness,799,Non-slip yoga mat
P055,Dumbbells,Fitness,1499,Pair of fitness dumbbells
P056,Resistance Bands,Fitness,699,Set of resistance bands for workouts
P057,Face Wash,Personal Care,299,Gentle face wash for daily use
P058,Shampoo,Personal Care,399,Daily-use shampoo
P059,Hair Dryer,Personal Care,1299,Compact hair dryer with multiple heat settings
P060,Electric Trimmer,Personal Care,999,Cordless electric trimmer for grooming
P061,Noise Cancelling Headphones,Electronics,4999,Active noise cancelling wireless over-ear headphones
P062,Soundbar Speaker,Electronics,3499,Home theatre soundbar with deep bass
P063,Smart Fitness Band,Electronics,1899,Waterproof fitness tracker with heart rate monitor
P064,Ergonomic Vertical Mouse,Accessories,1199,Wireless vertical mouse to reduce wrist strain
P065,Compact Wireless Keyboard,Accessories,1599,Slim rechargeable multi-device Bluetooth keyboard
P066,4K Ultra HD Webcam,Electronics,2999,High resolution webcam with stereo microphone
P067,Fast Wireless Charging Pad,Electronics,1299,Qi certified 15W fast wireless charger
P068,Multiport USB Hub,Accessories,899,6-in-1 USB-C hub with HDMI and card reader
P069,Aluminium Phone Stand,Accessories,499,Desktop foldable stand for smartphones and tablets
P070,Extended RGB Gaming Mat,Accessories,799,Extra large mouse pad with customizable LED edges
P071,Flagship 5G Smartphone,Mobiles,42999,High performance 5G smartphone with AMOLED display
P072,Budget 4G Smartphone,Mobiles,9999,Reliable dual-SIM smartphone with long battery life
P073,Graphic Drawing Tablet,Computers,6499,Digital drawing pad with pressure sensitive stylus
P074,Gaming Monitor 144Hz,Computers,18999,24-inch curved gaming display with 1ms response
P075,Portable Hard Drive 2TB,Storage,5999,Compact external hard drive for data backups
P076,MicroSD Card 128GB,Storage,899,High speed Class 10 memory card with adapter
P077,Mesh Wi-Fi System,Networking,4999,Whole home dual-band mesh coverage extender
P078,True Wireless Sports Earbuds,Electronics,1999,IPX7 waterproof sport earbuds with ear hooks
P079,Smart Wi-Fi Strip Light,Home,999,5-meter RGB color changing smart ambient light
P080,Smart IR Universal Remote,Home,849,All-in-one infrared blaster for AC and TV
P081,Waterproof Travel Backpack,Bags,2299,Durable anti-theft backpack with USB charging port
P082,Gym Duffle Bag,Bags,999,Lightweight sports bag with separate shoe compartment
P083,Leather Messenger Bag,Bags,2799,Vintage style formal laptop messenger bag
P084,RFID Blocking Card Holder,Fashion,399,Slim metallic card protector wallet
P085,Stainless Steel Chronograph,Fashion,3499,Water-resistant luxury chronograph wrist watch
P086,Polarized Aviator Sunglasses,Fashion,1299,Classic aviator shades with glare reduction
P087,Graphic Print Cotton Tee,Clothing,499,Breathable round neck casual t-shirt
P088,Slim Fit Denim Jeans,Clothing,1799,Stretchable denim jeans with modern fit
P089,Zip-Up Fleece Jacket,Clothing,1899,Thermal fleece winter jacket with pockets
P090,Cushioned Walking Shoes,Footwear,1999,Ultra lightweight walking sneakers for daily wear
P091,Trail Hiking Shoes,Footwear,3499,Waterproof outdoor trekking and hiking shoes
P092,Casual Slip-On Loafers,Footwear,1299,Comfortable faux leather slip-on driving shoes
P093,Insulated Thermos Flask,Home & Kitchen,799,Double-walled vacuum insulated hot and cold bottle
P094,Double-Walled Glass Mug Set,Home & Kitchen,599,Set of 2 heat resistant borosilicate glass cups
P095,Stainless Steel Sandwich Maker,Home & Kitchen,1499,Non-stick grill toaster for quick breakfast
P096,Hand Blender with Whisk,Home & Kitchen,1199,Multi-speed immersion blender for purees and smoothies
P097,Induction Cooktop,Home & Kitchen,2899,Energy efficient induction cooker with timer
P098,Stainless Steel Pressure Cooker,Home & Kitchen,1799,3-litre safe induction base pressure cooker
P099,Dimmable Clamp Desk Lamp,Home,899,Flexible gooseneck reading light with touch control
P100,Pedestal Standing Fan,Home Appliances,2499,High speed oscillating stand fan with adjustable height
P101,Microfiber Double Comforter,Home,1899,All-season soft quilt for double bed
P102,Memory Foam Cervical Pillow,Home,1299,Ergonomic neck support contour pillow
P103,Flannel Throw Fleece Blanket,Home,799,Plush cozy lightweight sofa throw blanket
P104,High-Back Executive Chair,Furniture,9999,Premium mesh ergonomic chair with lumbar support
P105,Foldable Wall Mounted Desk,Furniture,2499,Space saving drop-leaf work desk
P106,Modular 4-Tier Shoe Rack,Furniture,1199,Sturdy metal frame organizer shelf
P107,Hardcover Spiral Journal,Stationery,249,Thick GSM lined notebook for daily journaling
P108,Gel Pen Pack of 10,Stationery,199,Quick dry smudge-free black gel pens
P109,Desk Organizer Set,Stationery,449,Multi-compartment mesh pen and paper caddy
P110,Engineering Geometry Box,Stationery,299,Precision compass and drafting tool set
P111,Leather Season Cricket Ball,Sports,499,Hand stitched four piece match ball
P112,Full Size Basketball,Sports,799,Outdoor composite grip basketball
P113,Badminton Shuttlecock Tube,Sports,649,Pack of 10 durable feather tournament shuttles
P114,Thick TPE Exercise Mat,Fitness,999,Extra cushioned non-slip exercise floor mat
P115,Adjustable Kettlebell,Fitness,2299,Cast iron compact fitness kettlebell
P116,Skipping Speed Rope,Fitness,349,Tangle-free bearing skipping rope for cardio
P117,Vitamin C Face Serum,Personal Care,599,Brightening skin serum with hyaluronic acid
P118,Keratin Hair Conditioner,Personal Care,449,Nourishing smoothing conditioner for all hair types
P119,Ceramic Hair Straightener,Personal Care,1699,Quick heating flat iron with temperature control
P120,Sonic Electric Toothbrush,Personal Care,1499,Rechargeable ultrasonic toothbrush with timer
P121,Studio Audio Interface,Electronics,7999,USB audio interface with XLR preamp for recording
P122,Condenser Microphone,Electronics,3299,Cardioid studio podcast microphone with shock mount
P123,Smart Door Lock,Electronics,8999,Keyless digital biometric fingerprint smart lock
P124,Wireless Trackball Mouse,Accessories,2199,Precision thumb-controlled ergonomic trackball
P125,One-Handed Gaming Keypad,Accessories,1899,Programmable mechanical keypad with wrist rest
P126,Security Indoor IP Camera,Electronics,1999,1080p pan-tilt motion detection home camera
P127,Magnetic Car Phone Mount,Accessories,399,Dashboard air vent magnetic holder
P128,DisplayPort to HDMI Cable,Accessories,449,Braided 4K 60Hz video adapter cord
P129,Cooling Pad for Gaming Laptop,Accessories,1399,Multi-fan adjustable height notebook radiator
P130,Gaming Headset with Mic,Accessories,1799,Surround sound over-ear headset with noise cancelling mic
P131,Dual Screen Smartphone Case,Mobiles,799,Shockproof protective cover with kickstand
P132,Tempered Glass Screen Guard,Mobiles,299,9H hardness edge-to-edge screen protector
P133,Stylus Pen for Touchscreens,Computers,1199,Universal capacitive active rechargeable stylus
P134,27-Inch 4K UHD Monitor,Computers,25999,IPS panel color accurate professional monitor
P135,Thunderbolt 4 Docking Station,Computers,14999,Dual 4K display expansion dock with power delivery
P136,High-Endurance Dashcam Card 64GB,Storage,699,Continuous video recording surveillance card
P137,Gigabit Ethernet Switch 8-Port,Networking,1799,Unmanaged plug-and-play network splitter
P138,Open-Ear Bone Conduction Headset,Electronics,3499,Sweatproof wireless sports headphones
P139,Smart Motion Sensor,Home,799,Wireless Zigbee motion detector for automation
P140,Smart Temperature Humidity Gauge,Home,599,Digital LCD smart sensor with app sync
P141,Anti-Theft Hard Shell Backpack,Bags,2799,TSA approved laptop travel pack with combo lock
P142,Compact Crossbody Sling Bag,Bags,699,Water repellent chest shoulder sling bag
P143,Foldable Weekend Duffel,Bags,899,High capacity tear-resistant luggage organizer
P144,Leather Bifold Wallet,Fashion,699,Genuine leather billfold with coin pocket
P145,Minimalist Mesh Watch,Fashion,1499,Ultra slim quartz watch with stainless steel strap
P146,Wayfarer Polarized Sunglasses,Fashion,899,Matte black frame sunglasses for outdoor glare
P147,Linen Casual Shirt,Clothing,1199,Breathable pure linen long sleeve button-up shirt
P148,Cargo Utility Pants,Clothing,1599,Cotton twill multi-pocket relaxed fit trousers
P149,Windbreaker Lightweight Jacket,Clothing,1699,Water resistant packable jacket for travel
P150,Orthopedic Daily Slippers,Footwear,699,Soft doctor soles footwear for heel comfort
P151,Formal Oxford Shoes,Footwear,2499,Classic lace-up formal dress shoes
P152,Breathable Canvas Sneakers,Footwear,1199,Casual low-top canvas skateboard shoes
P153,Glass Meal Prep Containers,Home & Kitchen,999,Set of 3 airtight leakproof borosilicate containers
P154,Pour Over Coffee Maker,Home & Kitchen,1299,Manual drip glass coffee carafe with steel filter
P155,Pop-Up 2-Slice Toaster,Home & Kitchen,1199,Variable browning control compact bread toaster
P156,Nutri-Bullet Smoothie Blender,Home & Kitchen,2799,High-power personal blender with extractor blade
P157,Handheld Garment Steamer,Home Appliances,1899,Portable travel clothes iron and steamer
P158,Cast Iron Skillet Pan,Home & Kitchen,1499,Pre-seasoned heavy-duty frying pan
P159,Sunset Ambient Lamp,Home,699,360 degree projection rainbow night light
P160,Tower Air Purifier,Home Appliances,7999,HEPA filter room purifier for allergens and smoke
P161,Fitted King Size Bedsheet,Home,1199,Elastic edge double bed cover with 2 pillowcases
P162,Orthopedic Back Support Cushion,Home,899,Ergonomic memory foam chair backrest
P163,Knitted Weighted Blanket,Home,3499,Calming heavy therapeutic relaxation blanket
P164,Gaming Ergonomic Recliner,Furniture,11999,High back racing chair with footrest
P165,Height Adjustable Standing Desk,Furniture,14999,Electric motorized sit-stand work table
P166,Wooden Coffee Table,Furniture,3499,Solid wood minimal living room tea table
P167,Calligraphy Dip Pen Kit,Stationery,699,Vintage feather quill pen with ink and nibs
P168,Highlighter Pastel Marker Set,Stationery,299,Pack of 6 soft color highlighting markers
P169,Expanding Accordion Document File,Stationery,399,12-pocket waterproof paper storage folder
P170,Scientific Graphing Calculator,Stationery,1299,Advanced multi-function matrix calculator
P171,Cricket Batting Gloves,Sports,899,Padded palm protective cricket batting gloves
P172,Volleyball Official Match Ball,Sports,699,Soft touch standard size outdoor volleyball
P173,Carbon Fiber Badminton Racket,Sports,2499,Ultra light high string tension tournament racket
P174,Foam Roller for Muscle Relief,Fitness,699,High density deep tissue trigger point roller
P175,Push-Up Board System,Fitness,899,Color coded multi-position upper body training board
P176,Adjustable Hand Grip Strengthener,Fitness,299,Heavy resistance forearm exercise trainer
P177,Charcoal Face Scrub,Personal Care,349,Exfoliating detox scrub for deep pore cleansing
P178,Argan Hair Oil,Personal Care,499,Cold pressed pure Moroccan nourishing hair serum
P179,Volumizing Hair Brush,Personal Care,1499,Hot air round brush styler and blow dryer
P180,Beard Grooming Kit,Personal Care,899,Beard oil balm brush and stainless scissors set
P181,Compact Soundcard for Streamers,Electronics,4499,Live broadcasting sound effects mixer
P182,RGB Ring Light with Tripod,Electronics,1299,10-inch dimmable LED ring light for video recording
P183,Smart Video Doorbell,Electronics,4999,1080p HD wireless video doorbell with 2-way talk
P184,Wireless Presenter Clicker,Accessories,699,Laser pointer remote for slideshow presentations
P185,PBT Custom Keycap Set,Accessories,1199,Cherry profile mechanical keyboard replacement caps
P186,Solar Power Bank 20000mAh,Electronics,1999,Outdoor rugged emergency solar battery charger
P187,Braided 100W USB-C Cable,Accessories,399,Durable fast charging nylon data cable
P188,SD Card Reader USB 3.0,Accessories,349,Dual slot high speed flash card adapter
P189,Under Desk Cable Tray,Accessories,599,Metal wire management basket for office desk
P190,In-Ear Monitor Earphones,Electronics,1499,Hi-Fi dual driver noise isolating earphones
P191,Wireless Car Charger Mount,Mobiles,1499,Auto-clamping fast inductive air vent phone mount
P192,Waterproof Phone Pouch,Mobiles,199,Submersible dry bag for swimming and travel
P193,Mini Bluetooth Thermal Printer,Computers,2299,Pocket receipt and label maker with app
P194,21.5-Inch Borderless Monitor,Computers,7999,Full HD 75Hz desktop IPS monitor
P195,SATA to USB 3.0 Adapter,Storage,499,External connector cable for 2.5 inch HDD SSD
P196,Compact Flash Drive 32GB,Storage,399,Metal miniature key-ring thumb drive
P197,Wi-Fi Range Extender,Networking,1199,Wall plug wireless signal repeater amplifier
P198,Neckband Wireless Earphones,Electronics,899,Magnetic sports neckband with fast charging
P199,Smart Water Leak Sensor,Home,699,Wireless home overflow detection alarm
P200,Smart Smoke Detector,Home,1499,Photoelectric wireless fire and smoke sensor
P201,Roll-Top Dry Backpack,Bags,1899,Heavy duty waterproof outdoor rafting pack
P202,Compact Waist Fanny Pack,Bags,449,Multi-pocket sports running waist belt
P203,Suitcase Packing Cube Set,Bags,699,Set of 6 travel clothing organizer pouches
P204,Automatic Pop-Up Card Case,Fashion,499,Aluminum ejector wallet with RFID shielding
P205,Digital Chrono Sports Watch,Fashion,899,Military style rugged waterproof watch with backlight
P206,Square Polarized Sunglasses,Fashion,799,Retro vintage frame dark tint shades
P207,Polo Collar T-Shirt,Clothing,699,Classic pique cotton regular fit polo shirt
P208,Chino Casual Trousers,Clothing,1399,Comfort stretch flat-front slim cotton chinos
P209,Sleeveless Puffer Vest,Clothing,1499,Quilted lightweight thermal body warmer
P210,Running Trail Sock Pack,Footwear,299,Pack of 3 moisture-wicking anti-blister ankle socks
P211,Slip-On Canvas Espadrilles,Footwear,999,Casual summer lightweight flat shoes
P212,Indoor Anti-Skid Slippers,Footwear,499,Memory foam warm house slippers
P213,Tea Infuser Tumbler,Home & Kitchen,699,Borosilicate glass tea infuser bottle with strainer
P214,Enamel Coated Milk Pan,Home & Kitchen,799,Non-reactive single handle sauce pan
P215,Egg Boiler and Steamer,Home & Kitchen,899,Automatic shutoff 7-egg capacity rapid cooker
P216,Vegetable Chopper and Slicer,Home & Kitchen,499,Manual pull-cord food processor with stainless blades
P217,Digital Kitchen Food Scale,Home & Kitchen,599,Precision 1g to 5kg electronic baking scale
P218,Non-Stick Dosa Tawa,Home & Kitchen,899,Heavy gauge aluminum induction crepe pan
P219,Aromatherapy Oil Diffuser,Home,1199,Ultrasonic cool mist humidifier with ambient LED
P220,Dehumidifier Machine,Home Appliances,6499,Compact moisture absorber for wardrobe and bedroom
P221,Blackout Window Curtains,Home,1299,Thermal insulated eyelet drape set of 2
P222,Velvet Floor Cushion,Home,599,Tufted round seating pillow for yoga and living room
P223,Faux Fur Rug,Home,899,Super soft plush bedroom floor mat
P224,Ergonomic Footrest,Furniture,899,Under desk angled foot support cushion
P225,Foldable Laptop Bed Tray,Furniture,799,Wooden bed desk with cup holder and drawer
P226,3-Tier Utility Rolling Cart,Furniture,1799,Metal organizer storage trolley with wheels
P227,A5 Dotted Bullet Journal,Stationery,349,160 GSM bleedproof paper notebook
P228,Fineliner Drawing Pen Set,Stationery,399,Pack of 12 micro point sketch pens
P229,Self-Healing Cutting Mat,Stationery,449,A3 size craft rotary cutting board
P230,Mini Desktop Stapler Set,Stationery,199,Stapler with 1000 standard staples and remover
P231,Leather Cricket Leg Guards,Sports,1799,Lightweight high density batting pads
P232,Table Tennis Racket Pair,Sports,799,Two ping-pong paddles with 3 balls
P233,Swimming Goggles with Cap,Sports,499,Anti-fog UV protection goggles with silicone cap
P234,Ab Roller Wheel with Knee Pad,Fitness,499,Dual wheel abdominal core workout trainer
P235,Resistance Loop Bands Set,Fitness,399,5 level latex booty workout bands
P236,Weighted Jump Rope,Fitness,599,Heavy handles speed cardio workout rope
P237,Tea Tree Face Cleanser,Personal Care,329,Anti-acne purifying foaming skin wash
P238,Onion Hair Growth Oil,Personal Care,399,Pure herbal root strengthening extract
P239,Nose and Ear Hair Trimmer,Personal Care,499,Battery operated precision hygienic grooming tool
P240,Pedicure Callus Remover,Personal Care,799,Rechargeable electronic foot file scraper
P241,USB Desktop Conference Speaker,Electronics,3499,360-degree omnidirectional microphone speaker
P242,Green Screen Backdrop,Electronics,999,Collapsible wrinkle-resistant studio photo background
P243,Smart Gas Leak Alarm,Home,999,Combustible natural gas and LPG detector
P244,Ergonomic Mouse Wrist Cushion,Accessories,299,Contoured gel padded wrist support
P245,Keycap Puller and Cleaning Brush,Accessories,199,Mechanical keyboard maintenance kit
P246,Car Emergency Jumper Power Bank,Electronics,3999,Heavy-duty vehicle battery booster pack
P247,Braided Right-Angle Lightning Cable,Accessories,399,Fast charging 90-degree cable for gaming
P248,USB-C to DisplayPort Cable,Accessories,599,6-foot 4K 144Hz video transmission cord
P249,Dual Monitor Desk Mount,Accessories,2799,Gas spring adjustable arm bracket for screens
P250,Studio Monitor Headphones,Electronics,2999,Flat response closed-back recording headphones
P251,Rugged Armored Phone Case,Mobiles,499,Military grade drop tested bumper cover
P252,Privacy Screen Protector,Mobiles,349,Anti-spy tinted tempered glass shield
P253,Rechargeable Wireless Stylus,Computers,1599,Palm rejection active pen for touchscreen tablets
P254,Curved Ultrawide Monitor 34-Inch,Computers,32999,WQHD panoramic productivity display
P255,M.2 NVMe SSD Enclosure,Storage,1199,Aluminium 10Gbps tool-free external case
P256,High Speed SD Card 256GB,Storage,1799,UHS-I 4K video photography memory card
P257,Outdoor Long Range Wi-Fi Access Point,Networking,3999,Weatherproof high power wireless AP
P258,True Wireless Gaming Earphones,Electronics,1599,Ultra low latency 45ms gaming TWS
P259,Smart Garage Door Opener,Home,2299,Wi-Fi smart sensor and relay for automatic doors
P260,Smart Air Quality Monitor,Home,2999,Real-time PM2.5 and TVOC indoor tester
P261,Hardside Carry-On Trolley,Bags,3499,Lightweight polycarbonate cabin spinner suitcase
P262,Tactical Military Backpack,Bags,2199,MOLLE system rugged survival rucksack
P263,Leather Passport Wallet Case,Fashion,499,Travel document organizer with RFID blocking
P264,Slim Money Clip Wallet,Fashion,349,Stainless steel spring money clip card case
P265,Automatic Mechanical Watch,Fashion,4999,Self-winding skeleton dial leather timepiece
P266,Polarized Sports Wraparound Sunglasses,Fashion,999,Impact resistant UV cycling glasses
P267,V-Neck Slim Cotton T-Shirt,Clothing,499,Soft stretchable plain v-neck tee
P268,Denim Distressed Jeans,Clothing,1699,Fashion washed straight fit blue jeans
P269,Casual Bomber Jacket,Clothing,2199,Ribbed collar lightweight flight windbreaker
P270,Leather Casual Loafers,Footwear,1899,Handcrafted slip-on moccasin driving shoes
P271,Gym Cross-Training Shoes,Footwear,2799,High stability workout lifting sneakers
P272,Waterproof Hiking Sandals,Footwear,1199,Rugged strap open-toe outdoor trekking footwear
P273,Stainless Steel Bento Lunchbox,Home & Kitchen,899,3-tier leakproof metal food container
P274,Manual Coffee Bean Grinder,Home & Kitchen,1199,Conical ceramic burr hand coffee mill
P275,Non-Stick Waffle Maker,Home & Kitchen,1599,Compact deep pocket Belgian waffle iron
P276,Citrus Juicer Machine,Home & Kitchen,799,Electric automatic cone fruit squeezer
P277,Electric Cloth Lint Remover,Home Appliances,599,Fabric shaver with rechargeable battery
P278,Cast Iron Dutch Oven,Home & Kitchen,3299,Enameled heavy roasting stew pot with lid
P279,Moon Lamp 3D Print,Home,799,Touch control 16-color rechargeable ambient globe
P280,Ultrasonic Cool Mist Humidifier,Home Appliances,1899,Large capacity quiet bedroom vaporizer
P281,Cotton Geometric Rug 4x6,Home,1499,Handwoven flatweave floor carpet
P282,Silk Satin Pillowcase Pair,Home,499,Hypoallergenic hair care smooth pillow covers
P283,Electric Heated Throw Blanket,Home,2199,Multi-heat setting washable heated blanket
P284,Kneeling Ergonomic Posture Chair,Furniture,4999,Angled seat posture correction work chair
P285,Solid Pine Bedside Nightstand,Furniture,1999,Minimalist 2-drawer side end table
P286,Wall Mounted Floating Shelves,Furniture,899,Set of 3 rustic wood display wall racks
P287,Watercolor Paint Pan Set,Stationery,599,24 vibrant non-toxic artist pigment cakes
P288,Dual Tip Alcohol Art Markers,Stationery,899,Pack of 24 blending sketch markers with bag
P289,Metal Heavy Duty Hole Punch,Stationery,299,Two hole precision paper punching tool
P290,Steel Safety Ruler 30cm,Stationery,149,Non-slip cork-backed metal measuring ruler
P291,Cricket Leather Ball Mallet,Sports,349,Hardwood bat knocking shaping hammer
P292,Basketball Heavy Duty Net,Sports,249,All-weather replacement outdoor hoop chain
P293,Badminton Grip Tape 5-Pack,Sports,299,Anti-slip absorbent polyurethane handle wrap
P294,Gym Pull-Up Door Bar,Fitness,1299,No-screw doorway upper body chin-up frame
P295,Ankle Weights Pair 2kg,Fitness,699,Adjustable strap fitness walking weights
P296,Latex Pull Up Assist Bands,Fitness,799,Heavy duty powerlifting stretching rubber bands
P297,Salicylic Acid Cleansing Gel,Personal Care,349,Deep oil control daily face wash
P298,Rosemary Hair Growth Tonic,Personal Care,449,Essential herb extract scalp revitalizing spray
P299,Ceramic Curling Iron Wand,Personal Care,1299,Barrel hair curler with cool tip
P300,Nail Clipper Manicure Set,Personal Care,399,Stainless steel 10-piece grooming case
P301,USB Capture Card 1080p,Electronics,1499,HDMI to USB video capture for live game streaming
P302,Broadcast Boom Arm Stand,Electronics,1199,Adjustable suspension scissor mic arm
P303,Smart Curtain Motor Robot,Home,3499,Wireless motorized automatic drape opener
P304,Silicone Keyboard Dust Cover,Accessories,199,Clear waterproof protector skin for keyboards
P305,Keycap Switch Lubricant Kit,Accessories,499,Keyboard modding brush lube and stem opener
P306,Heavy Duty Extension Cord 5m,Electronics,699,Surge protector socket board with USB ports
P307,Short Angled USB-C Adapter,Accessories,249,180 degree U-shape converter connector
P308,Optical Audio Toslink Cable,Accessories,349,Digital fiber optic audio cord 2m
P309,Under Desk Headphone Hook,Accessories,299,Aluminum adhesive dual gaming headset hanger
P310,Bluetooth Transmitter Receiver,Electronics,999,2-in-1 3.5mm wireless audio adapter for TV
P311,Leather Wallet Phone Folio,Mobiles,599,Magnetic flip case with card slots and kickstand
P312,Camera Lens Protector Ring,Mobiles,199,Individual alloy glass ring guards for camera
P313,Screen Cleaning Spray Kit,Computers,299,Microfiber cloth and natural display cleaner
P314,Portable Monitor 15.6-Inch,Computers,11999,Full HD USB-C secondary travel display
P315,Internal SSD 1TB NVMe,Storage,5499,PCIe Gen 3x4 high speed internal storage drive
P316,OTG Dual Flash Drive 64GB,Storage,599,Type-C and USB 3.0 dual interface metal thumb stick
P317,Powerline Network Adapter Kit,Networking,2799,Home electrical wiring Ethernet bridge
P318,Wireless TV Headphones,Electronics,2499,Over-ear RF headphones with charging base dock
P319,Smart Radiator Thermostat Valve,Home,1999,Programmable wireless room temperature controller
P320,Smart Plant Soil Moisture Sensor,Home,699,Bluetooth garden soil moisture and light meter
P321,Under-Seat Cabin Duffel,Bags,1199,Flight approved compact travel bag with trolley sleeve
P322,Running Hydration Belt,Bags,799,Waist pouch with two mini water flasks
P323,Garment Suit Travel Carrier,Bags,1499,Foldable crease-resistant formal suit bag
P324,Slim Carbon Fiber Wallet,Fashion,599,Rigid tactical card holder with elastic cash strap
P325,Solar Powered Digital Watch,Fashion,2299,Eco-friendly water resistant outdoors sports watch
P326,Clip-On Polarized Sunglasses,Fashion,399,Flip-up UV glare blockers for prescription glasses
P327,Henley Long Sleeve Shirt,Clothing,699,Waffle knit casual button placket tee
P328,Relaxed Fit Cargo Shorts,Clothing,999,Multi-pocket summer cotton utility shorts
P329,Lightweight Rain Poncho,Clothing,599,Waterproof hooded reusable outdoor rain coat
P330,Comfort Memory Foam Insoles,Footwear,399,Shock absorbing arch support shoe inserts
P331,Leather Chelsea Boots,Footwear,3299,Elastic side ankle slip-on formal boots
P332,Pool Slide Sandals,Footwear,599,Quick-drying waterproof comfort beach slides
P333,Silicone Collapsible Cup,Home & Kitchen,299,Pocket-sized folding travel drinking mug
P334,Ceramic Butter Dish with Lid,Home & Kitchen,499,Porcelain butter keeper with wooden top
P335,Electric Milk Frother Wand,Home & Kitchen,399,Battery operated whisk for cappuccino and latte
P336,Silicone Kitchen Utensil Set,Home & Kitchen,899,Heat resistant 8-piece wooden handle spatulas
P337,Digital Food Cooking Thermometer,Home & Kitchen,449,Instant read meat probe for barbecue and baking
P338,Non-Stick Cake Baking Pan Set,Home & Kitchen,799,3-piece springform round cake mold
P339,Star Projector Night Light,Home,1499,Galaxy aurora room ceiling projection machine
P340,Mini Desktop Air Cooler,Home Appliances,1499,Evaporative personal water mist cooling fan
P341,Printed Cotton Cushion Covers,Home,499,Set of 5 square decorative pillow covers
P342,Acupressure Massage Mat,Home,899,Spike relaxation mat and neck pillow for back pain
P343,Fluffy Area Bedroom Rug,Home,1299,Non-slip shaggy floor mat 3x5 feet
P344,Adjustable Laptop Lap Desk,Furniture,1299,Cushioned bottom portable workstation tray
P345,Wall Mounted Coat Rack,Furniture,599,Wooden bamboo board with 5 folding metal hooks
P346,Corner Display Tier Shelf,Furniture,1499,4-shelf freestanding corner storage unit
P347,Acrylic Paint Tube Set,Stationery,499,12-color high opacity artist painting set
P348,A4 Thermal Laminator Machine,Stationery,1799,Hot and cold document photo laminating tool
P349,Desktop Tape Dispenser,Stationery,199,Weighted base non-skid packaging tape cutter
P350,Erasable Gel Pen Set,Stationery,299,Friction erase colorful gel pens pack of 6
P351,Cricket Abdominal Guard,Sports,199,High impact protective cricket groin guard
P352,Football Shin Guards,Sports,349,Ergonomic calf protection shields with straps
P353,Tennis Ball Pressurizer Tube,Sports,899,Pressurized storage canister to maintain ball bounce
P354,Yoga Foam Brick Block,Fitness,349,High density EVA yoga support balance prop
P355,Hand Grip Squeezer Ring,Fitness,199,Silicone finger tension and grip strengthener
P356,Core Sliding Discs Pair,Fitness,349,Double-sided glider plates for carpet and hardwood
P357,Clay Detox Face Mask,Personal Care,399,Purifying volcanic ash deep pore treatment
P358,Biotin Hair Thickening Serum,Personal Care,549,Leave-in scalp root revitalizing treatment
P359,Cordless Hair Straightening Comb,Personal Care,1499,Rechargeable heated ceramic styling brush
P360,Blackhead Vacuum Remover,Personal Care,899,Pore suction extractor with multiple probes
P361,Studio Reflection Filter,Electronics,2499,Acoustic sound isolation shield for vocal mics
P362,Overhead Camera Mounting Rig,Electronics,1899,Heavy desktop articulating arm for filming
P363,Smart Vibration Sensor,Home,699,Security window glass break and shock detector
P364,Universal Tablet Mount Clamp,Accessories,799,Flexible gooseneck bed stand for iPad and tablets
P365,Coiled Aviator Keyboard Cable,Accessories,999,Custom USB-C paracord cable for mechanical boards
P366,Universal Travel Plug Adapter,Electronics,699,All-in-one international socket converter
P367,L-Shaped Magnetic Charging Tip,Accessories,299,Detachable magnetic connector pin for phones
P368,Aux 3.5mm Braided Audio Cord,Accessories,199,Gold plated audio cable for car and stereo
P369,RGB LED Strip Backlight for TV,Accessories,699,USB powered bias ambient lighting for screens
P370,Gaming Controller Clip for Phones,Accessories,499,Adjustable smartphone bracket for gamepads
P371,Armband Phone Case for Running,Mobiles,349,Breathable sweatproof reflective arm sleeve
P372,Matte Anti-Glare Screen Guard,Mobiles,249,Smooth finish fingerprint resistant protector
P373,USB Numeric Keypad,Computers,599,Plug and play 18-key accounting calculation pad
P374,Webcam Privacy Shutter Cover,Accessories,99,Ultra-thin sliding lens cover pack of 3
P375,Internal SSD 500GB SATA,Storage,2799,2.5 inch fast solid state drive for PC upgrade
P376,Encrypted USB Drive 32GB,Storage,1499,Hardware keypad password protected flash drive
P377,PoE Gigabit Injector,Networking,1199,Power over Ethernet power supply adapter
P378,Wireless Headphone Stand with USB,Accessories,1299,Desktop headset holder with integrated hub
P379,Smart Wireless Water Meter,Home,2499,Ultrasonic digital smart flow tracking sensor
P380,Smart Carbon Monoxide Alarm,Home,1699,Electrochemical CO safety detector with LCD
P381,Motorcycle Tank Bag,Bags,1899,Magnetic waterproof riding storage pack
P382,Waterproof Dry Bag 10L,Bags,499,Floating roll-top sack for kayaking and beach
P383,Shoe Storage Travel Pouch,Bags,299,Dustproof zippered shoe cover pack of 2
P384,Minimalist Titanium Ring,Fashion,499,Hypoallergenic matte black polished comfort band
P385,Leather Braided Bracelet,Fashion,299,Handmade magnetic clasp wrist cuff
P386,Blue Light Blocking Glasses,Fashion,699,Computer glare protection transparent spectacles
P387,Sleeveless Gym Stringer,Clothing,399,Quick-dry moisture-wicking muscle tank top
P388,Jogger Track Pants,Clothing,899,Cotton French terry athletic sweatpants with cuffed hems
P389,Windproof Golf Umbrella,Clothing,799,Double canopy vented large automatic umbrella
P390,Silicone Heel Protector Cups,Footwear,199,Gel shock absorbing heel cracked skin pads
P391,Leather Slip-On Mules,Footwear,1499,Open back easy wear casual formal loafers
P392,Aqua Water Shoes,Footwear,699,Quick dry non-slip barefoot shoes for swimming
P393,Cold Brew Coffee Pitcher,Home & Kitchen,999,Borosilicate glass brewer with ultra fine filter
P394,Oil Vinegar Dispenser Bottle,Home & Kitchen,399,Drip-free spout glass condiment cruet
P395,Manual Vegetable Spiralizer,Home & Kitchen,499,Handheld zucchini noodle and salad maker
P396,Electric Salt and Pepper Mill,Home & Kitchen,899,Automatic battery operated spice grinder set
P397,Digital Meat Basting Brush,Home & Kitchen,249,Heat resistant silicone barbecue sauce brush
P398,Non-Stick Silicone Baking Mat,Home & Kitchen,349,Reusable oven sheet for cookies and pastry
P399,Himalayan Salt Rock Lamp,Home,899,Hand carved natural crystal air ionizing night lamp
P400,Cordless Handheld Vacuum,Home Appliances,2499,Portable cyclonic dust buster for car and home
P401,Thermal Blackout Door Curtain,Home,799,Heavy noise reducing doorway drape
P402,Body Support Long Bolster,Home,799,Soft cylindrical pregnancy and sleeping pillow
P403,Jute Braided Floor Mat,Home,699,Natural eco-friendly circular entryway rug
P404,Ergonomic Gaming Footrest,Furniture,999,Half-cylinder rocker foot cushion
P405,Floating Bedside Shelf,Furniture,699,Clamp-on plastic dorm nightstand tray
P406,Under Bed Storage Bag with Wheels,Furniture,1499,Clear top zippered flat clothing container
P407,Oil Pastel Art Stick Set,Stationery,349,36 smooth blending rich color pastels
P408,Desktop Document Shredder,Stationery,2199,Cross-cut strip paper and credit card shredder
P409,Correction Tape Applicator,Stationery,149,Instant dry white out film dispenser pack of 2
P410,Magnetic Dry Erase Whiteboard,Stationery,599,Small hanging office memo board with markers
P411,Cricket Bat Grip Cone,Sports,199,Wooden cone tool for easy rubber grip replacement
P412,Agility Training Cones Set,Sports,399,10-pack flexible sports marker cones
P413,Table Tennis Net with Clamps,Sports,499,Retractable portable ping-pong net for any table
P414,Balance Stability Disc,Fitness,699,Inflatable wobble cushion for core training
P415,Wrist Support Wraps Pair,Fitness,349,Heavy duty elastic weightlifting wrist braces
P416,Silicone Finger Expander,Fitness,199,Hand therapy extension exercise band
P417,Hydrating Sheet Mask Pack,Personal Care,299,Set of 5 hyaluronic acid soothing facial sheets
P418,Leave-In Hair Styling Wax,Personal Care,349,Strong hold matte finish water soluble pomade
P419,Electric Facial Cleansing Brush,Personal Care,799,Waterproof silicone sonic face exfoliator
P420,Eyebrow and Facial Razor Pack,Personal Care,199,Precision safety derma-planing blades pack of 3
P421,USB Podcast Vocal Booth,Electronics,2999,Portable tabletop acoustic foam sound isolator
P422,Foldable Camera Slider Track,Electronics,3499,Smooth ball-bearing rail for video panning
P423,Smart Water Valve Controller,Home,2799,Wi-Fi automatic motorized pipe shutoff
P424,Felt Desk Pad Blotter,Accessories,499,Minimalist large wool felt keyboard desk mat
P425,Keycap Display Storage Box,Accessories,699,Acrylic transparent tray for keyboard keycaps
P426,GaN Wall Charger 65W,Electronics,1699,Ultra compact 3-port fast power brick
P427,Magnetic USB Cable Organizer,Accessories,299,Adhesive silicone desktop cord holder clips
P428,Micro HDMI to HDMI Adapter,Accessories,249,Gold-plated 4K camera output connector
P429,RGB Laptop Stand Cooler,Accessories,1599,Dual turbofan laptop dock with USB ports
P430,USB-C to 3.5mm DAC Dongle,Accessories,599,High-res digital audio headphone converter
P431,Silicone Shockproof Phone Case,Mobiles,299,Soft microfiber lining liquid silicone cover
P432,Anti-Fingerprint Screen Guard,Mobiles,199,Smooth matte protective film for mobile screen
P433,Mechanical Pencil 0.5mm,Stationery,199,Full metal body drafting pencil with eraser
P434,Portable Laptop Screen Extender,Computers,16999,Dual 14-inch clip-on monitors for multitasking
P435,PCIe Wi-Fi 6E Card,Computers,2299,Bluetooth 5.2 desktop motherboard wireless card
P436,Compact USB 3.0 Card Reader,Storage,299,MicroSD and full size SD high speed reader
P437,Outdoor Solar Wi-Fi Camera,Electronics,4499,100% wire-free weatherproof PTZ battery cam
P438,Wireless Lavalier Lapel Mic,Electronics,1899,Plug-and-play cordless microphone for phones
P439,Smart Door Window Contact Sensor,Home,599,Wireless home entry detection alert
P440,Smart Siren Alarm Hub,Home,1199,110dB indoor security chime with flashing strobe
P441,Bicycle Pannier Cargo Bag,Bags,1699,Waterproof rear rack saddle bag for cycling
P442,Camera Shoulder Holster Bag,Bags,1299,Padded shockproof DSLR camera case with rain cover
P443,Travel Toiletry Hanging Pouch,Bags,499,Water-resistant folding bathroom organizer bag
P444,Slim Minimalist Metal Card Case,Fashion,449,Ultra thin aluminium wallet with money clip
P445,Men's Dress Quartz Watch,Fashion,1699,Roman numeral dial brown leather strap watch
P446,Vintage Round Polarized Shades,Fashion,899,Classic retro style tortoise shell sunglasses
P447,Crew Neck Heavy Cotton Sweatshirt,Clothing,999,Brushed fleece warm pullover sweater
P448,Relaxed Linen Drawstring Pants,Clothing,1299,Breathable lightweight summer beach trousers
P449,Rainproof Jacket with Hood,Clothing,1599,Seam sealed windbreaker shell jacket
P450,Memory Foam Arch Support Sandals,Footwear,899,Orthopedic straps walking slides
P451,Suede Driving Moccasins,Footwear,2199,Soft leather casual slip-on shoes with rubber nubs
P452,Hiking Water Sandals,Footwear,1299,Quick-dry strap sandals for stream crossing
P453,Stainless Steel Tea Strainer,Home & Kitchen,249,Fine mesh loose leaf tea brewing infuser
P454,Manual Citrus Squeezer,Home & Kitchen,349,Heavy duty cast aluminum lemon lime press
P455,Silicone Ice Cube Tray with Lid,Home & Kitchen,299,Easy release large square cocktail ice mold
P456,Stainless Steel Tongs Set,Home & Kitchen,399,Set of 2 locking barbecue cooking tongs
P457,Kitchen Knife Sharpener 3-Stage,Home & Kitchen,499,Ceramic and diamond wheel knife hone tool
P458,Pastry Brush Silicone Pair,Home & Kitchen,199,Heat resistant baking and grilling oil brushes
P459,LED Motion Sensor Wardrobe Light,Home,599,Magnetic USB rechargeable closet strip lamp
P460,Electric Shoe Dryer and Deodorizer,Home Appliances,999,Gentle heat boot and footwear warmer
P461,Tufted Boho Throw Pillow,Home,499,Fringed decorative lumbar accent cushion
P462,Memory Foam Wedge Pillow,Home,1499,Acid reflux and back elevation support pillow
P463,Handmade Macrame Wall Hanging,Home,599,Bohemian woven tapestry for home decor
P464,Ergonomic Kneeling Posture Stool,Furniture,3499,Wooden rocking kneeling balance seat
P465,Bedside Hanging Storage Caddy,Furniture,399,Felt bedside organizer for books and remotes
P466,Collapsible Storage Ottoman Stool,Furniture,999,Faux leather footrest box with storage
P467,A5 Artist Sketchbook 200 GSM,Stationery,399,Heavyweight mixed media spiral sketch pad
P468,Plastic Document Wallets Pack,Stationery,199,A4 transparent button envelope folders pack of 5
P469,Double Sided Sticky Tape 3m,Stationery,149,Heavy duty reusable nano adhesive mounting tape
P470,Cork Bulletin Board 30x40cm,Stationery,499,Wooden frame pin board with push pins
P471,Cricket Rubber Batting Grip,Sports,149,Textured replacement grip for cricket bats
P472,Speed Training Agility Ladder,Sports,599,6-meter footwork drill ladder with carry bag
P473,Badminton Net Official Size,Sports,599,Weatherproof nylon braided tournament net
P474,Yoga Strap Stretching Belt,Fitness,249,Cotton exercise strap with metal D-ring
P475,Hand Grip Spring Exerciser,Fitness,299,Heavy tension metal hand muscle builder
P476,Weightlifting Chalk Ball,Fitness,199,100% pure magnesium carbonate grip chalk
P477,Aloe Vera Soothing Gel,Personal Care,249,Pure cold pressed hydrating moisturizer
P478,Castor Hair Nourishing Oil,Personal Care,329,100% pure cold pressed castor oil for scalp
P479,Mini Travel Hair Straightener,Personal Care,899,Compact ceramic travel flat iron
P480,Stainless Steel Tongue Cleaner,Personal Care,149,Ergonomic medical grade oral hygiene scraper
P481,Mini USB Audio Mixer,Electronics,2499,2-channel compact stereo sound mixer board
P482,Flexible Articulating Magic Arm,Electronics,899,Camera and monitor mounting bracket with clamp
P483,Smart Home Central Gateway,Home,2799,Multi-protocol Zigbee and Thread smart bridge
P484,Ergonomic Memory Foam Mousepad,Accessories,349,Non-slip rubber base wrist rest pad
P485,Keycap Sound Dampening O-Rings,Accessories,199,120-pack silicone rubber switch silencers
P486,Desktop Fast Charging Station 100W,Electronics,2999,Multi-port GaN power strip charger
P487,Silicone Cable Clip Pack,Accessories,149,Pack of 6 adhesive cable routing organizers
P488,HDMI Right Angle 90 Degree Adapter,Accessories,199,Male to female elbow adapter for wall TVs
P489,Foldable Aluminium Laptop Riser,Accessories,799,Portable dual-pivot cooling notebook stand
P490,In-Line Microphone Audio Mute Switch,Accessories,399,3.5mm headphone volume and mic control dongle
P491,Glitter Quicksand Phone Case,Mobiles,349,Shock absorbing liquid dynamic glitter cover
P492,Full Screen Hydrogel Protector,Mobiles,199,Self-healing flexible screen film for curved edges
P493,Fineliner Technical Pens 0.3mm,Stationery,299,Black pigment archival ink sketch pens pack of 3
P494,Desktop Document Stand Holder,Computers,499,Adjustable metal book and paper copy holder
P495,PCIe M.2 Expansion Card,Computers,899,NVMe SSD adapter card for motherboard slot
P496,MicroSD Card Reader Keychain,Storage,199,Ultra compact aluminium card reader dongle
P497,Weatherproof Junction Box,Networking,399,Outdoor IP65 electrical enclosure for cables
P498,Detachable IEM Headphone Cable,Electronics,899,8-core silver plated 2-pin audio cord
P499,Smart Vibration Glass Sensor,Home,599,Wireless home window shock vibration detector
P500,Smart Panic Button Remote,Home,499,Emergency SOS push button for smart alarm hub